ID,Pergunta,A,Nó A,B,Nó B
1,A categoria do SQFT LIVING é 0 ou 1?,SIM,11,NÃO,10
11,A categoria do SQFT LIVING é 0?,SIM,111,NÃO,110
111,A categoria do BATHROOMS é 0?,SIM,1111,NÃO,1110
110,A categoria do VIEW é 0 ou 1?,SIM,1101,NÃO,1100
1101,NÓ FOLHA,MÉDIA,,,
1100,A categoria do BATHROOMS é 0 OU 1?,SIM,11001,NÃO,11000
11001,NÓ FOLHA,MÉDIA,,,
11000,NÓ FOLHA,BARATO,,,
1111,A categoria do GRADE é 0?,SIM,11111,NÃO,11110
1110,A categoria do SQFT BASEMENT é 0 ou 1?,SIM,11101,NÃO,11100
11101,NÓ FOLHA,MÉDIA,111011,NÃO,111010
11100,NÓ FOLHA,CARO,,,
11110,"O seu GRUPO é 0, 1 ou 2?",SIM,111101,NÃO,111100
111101,NÓ FOLHA,MÉDIA,,,
111100,O seu GRUPO é 3?,SIM,1111001,NÃO,1111000
1111001,NÓ FOLHA,CARO,,,
1111000,NÓ FOLHA,MÉDIA,,,
11111,A categoria CONDITION é 0 ou 1?,SIM,111111,NÃO,111110
111110,NÓ FOLHA,MÉDIA,,,
111111,A categoria BEDROOMS é 0 ou 1?,SIM,1111111,NÃO,1111110
1111110,NÓ FOLHA,MÉDIA,,,
1111111,A categoria VIEW é 0 ou 1?,SIM,11111111,NÃO,11111110
11111110,NÓ FOLHA,MÉDIA,,,
11111111,NÓ FOLHA,CARO,,,
10,A categoria do SQFT LOT é 0 ou 1?,SIM,101,NÃO,100
101,A categoria do BEDROOMS é 0 ou 1?,SIM,1011,NÃO,1010
100,A categoria da GRADE é 0 ou 1?,SIM,1001,NÃO,1000
1011,NÓ FOLHA,MÉDIA,,,
1010,"Seu GRUPO é 0, 1 ou 2?",SIM,10101,NÃO,10100
1001,A categoria do BEDROOMS é 0 ou 1?,SIM,10011,NÃO,10010
1000,A categoria do SQFT ABOVE é 0 ou 1?,SIM,10001,NÃO,10000
10101,A categoria do FLOOR é 0?,SIM,101011,NÃO,101010
10100,NÓ FOLHA,BARATO,,,
10011,NÓ FOLHA,MÉDIA,,,
10010,NÓ FOLHA,BARATO,,,
10001,NÓ FOLHA,MÉDIA,,,
10000,NÓ FOLHA,BARATO,,,
101011,NÓ FOLHA,BARATO,,,
101010,NÓ FOLHA,MÉDIA,,,